"Employee Name","Certificate link","Certificate type","Certificate start date","Certificate expiry date","Training gap score"
admin,http://dev.matrics.agile451.net/system/files/1/Matrix_workflow_7.pdf,"OPITO BOSIET",2022-03-21,2022-03-24,0
Harry,http://dev.matrics.agile451.net/system/files/1/Matrix_workflow_6.pdf,MIST,2022-03-30,2022-05-03,100
ryan,http://dev.matrics.agile451.net/system/files/1/Matrix_workflow_5.pdf,"OPITO OERTM",2022-03-17,2022-04-09,0
Cooper,http://dev.matrics.agile451.net/system/files/1/Matrix_workflow.pdf,"H2S awareness",2022-03-01,2022-04-09,0
David,http://dev.matrics.agile451.net/system/files/1/Matrix_workflow_4.pdf,"IWCF Drilling and Well Control Level 3/4",2022-03-10,2022-05-07,100
ronny,http://dev.matrics.agile451.net/system/files/1/Matrix_workflow_3.pdf,"Stage 4 Crane Operator",2022-02-08,2022-03-01,0
Oliver,,,,,0
George,,,,,0
Arthur,,,,,0
Noah,,,,,0
Leo,,,,,0
Archie,,,,,0
Jack,,,,,0
Henry,,,,,0
Freddie,,,,,0
Theodore,,,,,0
Thomas,,,,,0
Tommy,,,,,0
Joshua,,,,,0
