"Employee Name","Certificate link","Certificate type","Certificate start date","Certificate expiry date","Job title"
ryan,http://dev.matrics.agile451.net/system/files/1/Matrix_workflow_5.pdf,"OPITO OERTM",2022-03-17,2022-04-09,Captain
Oliver,,,,,Captain
Noah,,,,,Captain
Jack,,,,,Captain
Freddie,,,,,"Chief Engineer"
Tommy,,,,,"Chief Engineer"
Joshua,,,,,"Chief Engineer"
ronny,http://dev.matrics.agile451.net/system/files/1/Matrix_workflow_3.pdf,"Stage 4 Crane Operator",2022-02-08,2022-03-01,"Chief Officer"
Arthur,,,,,"Chief Officer"
Thomas,,,,,"Chief Officer"
Cooper,http://dev.matrics.agile451.net/system/files/1/Matrix_workflow.pdf,"H2S awareness",2022-03-01,2022-04-09,"2nd Engineer"
George,,,,,"2nd Engineer"
Archie,,,,,"2nd Engineer"
David,http://dev.matrics.agile451.net/system/files/1/Matrix_workflow_4.pdf,"IWCF Drilling and Well Control Level 3/4",2022-03-10,2022-05-07,"Chief Cook"
Theodore,,,,,"Chief Cook"
Leo,,,,,Roustabout
Henry,,,,,Roustabout
